{"cameraMode":{"drawMode":0,"name":"Shaded","section":"Shading Mode"},"sceneLighting":false,"audioPlay":false,"sceneViewState":{"showFog":false,"showMaterialUpdate":false,"showSkybox":false,"showFlares":false,"showImageEffects":false,"showParticleSystems":false},"in2DMode":false,"pivot":{"x":-0.08143770694732666,"y":0.10633087158203125,"z":0.010456562042236328},"rotation":{"x":0.004641808103770018,"y":-0.25485959649086,"z":0.0012585915392264724,"w":0.9670068621635437},"size":2.008511543273926,"orthographic":false}