{"cameraMode":{"drawMode":0,"name":"Shaded","section":"Shading Mode"},"sceneLighting":false,"audioPlay":false,"sceneViewState":{"showFog":false,"showMaterialUpdate":false,"showSkybox":true,"showFlares":false,"showImageEffects":false,"showParticleSystems":false},"in2DMode":false,"pivot":{"x":1.363905906677246,"y":4.496918201446533,"z":-6.979240417480469},"rotation":{"x":0.09955300390720368,"y":-0.608004093170166,"z":0.07719630748033524,"w":0.7839003801345825},"size":3.7309505939483644,"orthographic":false}