{"cameraMode":{"drawMode":0,"name":"Shaded","section":"Shading Mode"},"sceneLighting":false,"audioPlay":false,"sceneViewState":{"showFog":false,"showMaterialUpdate":false,"showSkybox":false,"showFlares":false,"showImageEffects":false,"showParticleSystems":false},"in2DMode":false,"pivot":{"x":0.6241154670715332,"y":1.3587193489074708,"z":0.6077346801757813},"rotation":{"x":0.08550292253494263,"y":-0.7265126705169678,"z":0.0925307422876358,"w":0.6756382584571838},"size":3.9865615367889406,"orthographic":false}