{"cameraMode":{"drawMode":0,"name":"Shaded","section":"Shading Mode"},"sceneLighting":false,"audioPlay":false,"sceneViewState":{"showFog":true,"showMaterialUpdate":true,"showSkybox":false,"showFlares":true,"showImageEffects":true,"showParticleSystems":true},"in2DMode":false,"pivot":{"x":-0.8900641798973084,"y":-0.2907208800315857,"z":1.702416181564331},"rotation":{"x":-0.06499683856964112,"y":0.8860750794410706,"z":-0.4398990571498871,"w":-0.1309286206960678},"size":6.337836265563965,"orthographic":false}