{"cameraMode":{"drawMode":0,"name":"Shaded","section":"Shading Mode"},"sceneLighting":false,"audioPlay":false,"sceneViewState":{"showFog":true,"showMaterialUpdate":false,"showSkybox":false,"showFlares":true,"showImageEffects":true,"showParticleSystems":true},"in2DMode":false,"pivot":{"x":-0.3953424096107483,"y":-3.301778793334961,"z":3.865910530090332},"rotation":{"x":-0.1845203936100006,"y":0.8108164668083191,"z":-0.43802687525749209,"w":-0.3415669798851013},"size":14.843515396118164,"orthographic":false}