{"cameraMode":{"drawMode":0,"name":"Shaded","section":"Shading Mode"},"sceneLighting":false,"audioPlay":false,"sceneViewState":{"showFog":true,"showMaterialUpdate":false,"showSkybox":false,"showFlares":true,"showImageEffects":true,"showParticleSystems":true},"in2DMode":false,"pivot":{"x":-0.0014281272888183594,"y":0.07432067394256592,"z":-0.013608813285827637},"rotation":{"x":-0.06786807626485825,"y":0.6413918137550354,"z":-0.05710269883275032,"w":-0.7620981931686401},"size":5.571699619293213,"orthographic":false}