{"cameraMode":{"drawMode":0,"name":"Shaded","section":"Shading Mode"},"sceneLighting":false,"audioPlay":false,"sceneViewState":{"showFog":true,"showMaterialUpdate":false,"showSkybox":false,"showFlares":true,"showImageEffects":true,"showParticleSystems":true},"in2DMode":false,"pivot":{"x":0.43225228786468508,"y":4.493110179901123,"z":0.0},"rotation":{"x":0.023546887561678888,"y":0.10836211591959,"z":0.0025876141153275968,"w":-0.9938527345657349},"size":20.01618194580078,"orthographic":false}