{"cameraMode":{"drawMode":0,"name":"Shaded","section":"Shading Mode"},"sceneLighting":false,"audioPlay":false,"sceneViewState":{"showFog":true,"showMaterialUpdate":false,"showSkybox":false,"showFlares":true,"showImageEffects":true,"showParticleSystems":true},"in2DMode":false,"pivot":{"x":-4.109586238861084,"y":37.476707458496097,"z":0.0},"rotation":{"x":0.023546887561678888,"y":0.10836211591959,"z":0.0025876141153275968,"w":-0.9938527345657349},"size":14.299735069274903,"orthographic":false}