{"cameraMode":{"drawMode":0,"name":"Shaded","section":"Shading Mode"},"sceneLighting":false,"audioPlay":false,"sceneViewState":{"showFog":true,"showMaterialUpdate":false,"showSkybox":false,"showFlares":true,"showImageEffects":true,"showParticleSystems":true},"in2DMode":false,"pivot":{"x":-0.5879487991333008,"y":2.552894115447998,"z":4.536097049713135},"rotation":{"x":0.0469379723072052,"y":0.7412126660346985,"z":0.05211047828197479,"w":-0.6676062941551209},"size":6.889320373535156,"orthographic":false}