{"cameraMode":{"drawMode":0,"name":"Shaded","section":"Shading Mode"},"sceneLighting":false,"audioPlay":false,"sceneViewState":{"showFog":true,"showMaterialUpdate":false,"showSkybox":false,"showFlares":true,"showImageEffects":true,"showParticleSystems":true},"in2DMode":false,"pivot":{"x":-0.32179468870162966,"y":-0.952109694480896,"z":-0.23348313570022584},"rotation":{"x":-0.07335063070058823,"y":0.5153245329856873,"z":-0.04433070495724678,"w":-0.8527187705039978},"size":9.560689926147461,"orthographic":false}