{"cameraMode":{"drawMode":0,"name":"Shaded","section":"Shading Mode"},"sceneLighting":false,"audioPlay":false,"sceneViewState":{"showFog":true,"showMaterialUpdate":false,"showSkybox":false,"showFlares":true,"showImageEffects":true,"showParticleSystems":true},"in2DMode":false,"pivot":{"x":2.6322450637817385,"y":-1.3380696773529053,"z":2.475853204727173},"rotation":{"x":-0.03997473046183586,"y":0.5192143321037293,"z":-0.024322006851434709,"w":-0.853363573551178},"size":5.763500690460205,"orthographic":false}