{"cameraMode":{"drawMode":0,"name":"Shaded","section":"Shading Mode"},"sceneLighting":false,"audioPlay":false,"sceneViewState":{"showFog":true,"showMaterialUpdate":false,"showSkybox":false,"showFlares":true,"showImageEffects":true,"showParticleSystems":true},"in2DMode":false,"pivot":{"x":-0.09031867980957031,"y":-1.1968817710876465,"z":-0.3743319511413574},"rotation":{"x":-0.06786807626485825,"y":0.6413918137550354,"z":-0.05710269883275032,"w":-0.7620981931686401},"size":6.223091125488281,"orthographic":false}